﻿pos_x,pos_y,rotation,side,designator,mpn,pack,footprint,value,mount_type
38.1,-56.261,90.0,top,J1,,,PinSocket_1x04_P2.54mm_Vertical_kh,Conn_01x04_Pin,tht
38.1,-33.02,90.0,top,J2,,,PinSocket_1x04_P2.54mm_Vertical_kh,Conn_01x04_Socket,tht
45.72,-38.1,-90.0,top,J3,,,Converter_2x_3V3_5V,Converter_2x_3V3_5V,tht
58.42,-48.26,0.0,top,J4,,,PinSocket_1x04_P2.54mm_Vertical_kh,Conn_01x04_Socket,tht
44.45,-78.74,90.0,top,J5,,,PinSocket_1x04_P2.54mm_Vertical_kh,Conn_01x04_Pin,tht
58.42,-72.39,180.0,top,J6,,,PinSocket_1x04_P2.54mm_Vertical_kh,Conn_01x04_Pin,tht
30.48,-33.02,0.0,top,U1,,,WEMOS_D1_mini_kh_shield_2,WeMos_D1_mini,tht
