﻿Designator,Quantity,Value,Footprint,Package,MPN,DNP,Mount_Type,Description
"J1, J5, J6",3,Conn_01x04_Pin,PinSocket_1x04_P2.54mm_Vertical_kh,,,,tht,"Generic connector, single row, 01x04, script generated"
"J2, J4",2,Conn_01x04_Socket,PinSocket_1x04_P2.54mm_Vertical_kh,,,,tht,"Generic connector, single row, 01x04, script generated"
J3,1,Converter_2x_3V3_5V,Converter_2x_3V3_5V,,,,tht,Converter_2x_3V3_5V
U1,1,WeMos_D1_mini,WEMOS_D1_mini_kh_shield_2,,,,tht,32-bit microcontroller module with WiFi
