﻿pos_x,pos_y,rotation,side,designator,mpn,pack,footprint,value,mount_type
38.854,-41.42,-90.0,top,J1,,,DSUB-25_Male_Horizontal_P2.77x2.84mm_EdgePinOffset7.70mm_Housed_MountingHolesOffset9.12mm,DB25_Plug,tht
76.225,-86.67,90.0,top,J10,,,Screw_Terminal_01x02_P5,Screw_Terminal_01x02_P5,tht
96.86,-74.66,90.0,top,J2,,,DSUB-25_Male_Horizontal_P2.77x2.84mm_EdgePinOffset7.70mm_Housed_MountingHolesOffset9.12mm,DB25_Plug,tht
45.72,-27.94,90.0,top,J5,,,PinSocket_1x06_P2.54mm_Vertical_kh,Conn_01x06,tht
45.72,-68.58,90.0,top,J6,,,PinSocket_1x06_P2.54mm_Vertical_kh,Conn_01x06,tht
86.225,-86.67,90.0,top,J7,,,Screw_Terminal_01x02_P5,Screw_Terminal_01x02_P5,tht
81.225,-29.21,-90.0,top,J8,,,Screw_Terminal_01x02_P5,Screw_Terminal_01x02_P5,tht
91.225,-29.21,-90.0,top,J9,,,Screw_Terminal_01x02_P5,Screw_Terminal_01x02_P5,tht
43.18,-72.39,90.0,top,U1,,,AC_5V_supply_6pol_PinsOnly,~,tht
