﻿Designator,Quantity,Value,Footprint,Package,MPN,DNP,Mount_Type,Description
"J1, J2",2,DB25_Plug,DSUB-25_Male_Horizontal_P2.77x2.84mm_EdgePinOffset7.70mm_Housed_MountingHolesOffset9.12mm,,,,tht,25-pin male plug pin D-SUB connector
"J10, J7, J8, J9",4,Screw_Terminal_01x02_P5,Screw_Terminal_01x02_P5,,,,tht,"Generic screw terminal, single row, 01x02"
"J5, J6",2,Conn_01x06,PinSocket_1x06_P2.54mm_Vertical_kh,,,,tht,"Generic connector, single row, 01x06, script generated (kicad-library-utils/schlib/autogen/connector/)"
U1,1,~,AC_5V_supply_6pol_PinsOnly,,,,tht,
